SampleType,gDNA,gDNA,gDNA
Animal,m1,m1,m1
Tissue,kidney,liver,lung
variants,,,
cH001,0.0,0.0,0.0
cH002,0.0,0.0,2.239441035517535e-05
cH003,0.0,0.0,0.0
cN001,0.0,0.0,0.0
cN002,0.0,0.0,2.239441035517535e-05
cN003,0.0,0.0,2.239441035517535e-05
cN004,4.492060283449004e-05,2.240595102059107e-05,0.0
cN005,2.246030141724502e-05,2.240595102059107e-05,0.0
cN006,2.246030141724502e-05,0.0,0.0
cN007,0.0,0.0,2.239441035517535e-05
cN008,0.0,2.240595102059107e-05,0.0
cN009,2.246030141724502e-05,4.481190204118214e-05,0.0
cN010,0.0,0.0,0.0
cN011,0.0,0.0,4.47888207103507e-05
cN012,0.0,0.0,0.0
cN013,4.492060283449004e-05,8.962380408236428e-05,0.0001343664621310521
cN014,0.0,0.0,0.0
cN015,4.492060283449004e-05,0.0,2.239441035517535e-05
cN016,0.0,0.0,2.239441035517535e-05
cN017,0.0,0.0,2.239441035517535e-05
cN018,0.0,0.0,2.239441035517535e-05
cN019,0.0,0.0,0.0
cN020,2.246030141724502e-05,0.0,0.0
cN021,0.0,0.0,0.0
cN022,0.0,0.0,0.0
cN023,0.0,0.0,0.0
cN024,0.0,0.0,0.0
cN025,0.0,0.0,0.0
cN026,0.0,0.0,0.0
cN027,0.0,0.0,4.47888207103507e-05
cN028,0.0,0.0,0.0
cN029,2.246030141724502e-05,0.0,0.0
cN030,0.0,4.481190204118214e-05,2.239441035517535e-05
cN031,0.0,0.0,0.0
cN032,0.0,2.240595102059107e-05,2.239441035517535e-05
cN033,0.0,0.0,0.0
cN034,0.0,2.240595102059107e-05,0.0
cN035,2.246030141724502e-05,2.240595102059107e-05,4.47888207103507e-05
cN036,2.246030141724502e-05,0.0,0.0
cN037,2.246030141724502e-05,0.0,0.0
cN038,0.0,0.0,0.0
cN039,0.0,2.240595102059107e-05,2.239441035517535e-05
cN040,0.0,0.0,2.239441035517535e-05
cN041,2.246030141724502e-05,0.0,0.0
cN042,2.246030141724502e-05,2.240595102059107e-05,0.0
cN043,2.246030141724502e-05,0.0,0.0
cN044,0.0,0.0,0.0
cN045,0.0,0.0,0.0
cN046,0.0,2.240595102059107e-05,4.47888207103507e-05
cN047,0.0,0.0,0.0
cN048,2.246030141724502e-05,4.481190204118214e-05,2.239441035517535e-05
cN049,0.0,2.240595102059107e-05,0.0
cN050,0.0,2.240595102059107e-05,2.239441035517535e-05
cN051,0.1111111111111111,0.11057336828661693,0.10807542437407623
cN052,0.0,2.240595102059107e-05,0.0
cN053,0.0,0.0,2.239441035517535e-05
cN054,0.0,2.240595102059107e-05,2.239441035517535e-05
cN055,0.0,2.240595102059107e-05,0.0
cN056,2.246030141724502e-05,0.0,0.0
cN057,0.0,0.0,0.0
cN058,2.246030141724502e-05,2.240595102059107e-05,2.239441035517535e-05
cN059,0.0,0.0,0.0
cN060,0.0,0.0,0.0
cN061,2.246030141724502e-05,2.240595102059107e-05,4.47888207103507e-05
cN062,0.0,0.0,0.0
cN063,0.0,0.0,0.0
cN064,2.246030141724502e-05,2.240595102059107e-05,0.0
cN065,4.492060283449004e-05,4.481190204118214e-05,0.00011197205177587674
cN066,0.0,0.0,0.0
cN067,2.246030141724502e-05,0.0,0.0
cN068,0.0,0.0,0.0
cN069,4.492060283449004e-05,2.240595102059107e-05,0.0
cN070,0.0,2.240595102059107e-05,0.0
cN071,0.0,0.0,0.0
cN072,0.00020214271275520516,8.962380408236428e-05,4.47888207103507e-05
cN073,6.738090425173506e-05,0.0,0.0
cN074,0.0,0.0,2.239441035517535e-05
cN075,4.492060283449004e-05,0.0,2.239441035517535e-05
cN076,0.0,0.0,0.0
cN077,0.0,0.0,0.0
cN078,2.246030141724502e-05,2.240595102059107e-05,2.239441035517535e-05
cN079,0.0,0.0,0.0
cN080,4.492060283449004e-05,4.481190204118214e-05,6.718323106552604e-05
cN081,0.0,0.0,0.0
cN082,0.0,0.0,2.239441035517535e-05
cN083,0.0,0.0,0.0
cN084,0.0,0.0,2.239441035517535e-05
cN085,0.0,2.240595102059107e-05,0.0
cN086,0.0,0.0,0.0
cN087,0.0,0.0,0.0
cN088,0.0,0.0,0.0
cN089,2.246030141724502e-05,0.0,6.718323106552604e-05
cN090,0.0,2.240595102059107e-05,0.0
cN091,0.0,0.0,0.0
cN092,0.0,0.0,0.0
cN093,0.0,2.240595102059107e-05,0.0
cN094,0.0,0.0,0.0
cN095,0.0,0.0,0.0
cN096,6.738090425173506e-05,2.240595102059107e-05,2.239441035517535e-05
cN097,2.246030141724502e-05,0.0,2.239441035517535e-05
cN098,0.0,0.0,0.0
cN099,0.0,0.0,0.0
cN100,0.0,0.0,0.0
cN101,0.0001123015070862251,8.962380408236428e-05,4.47888207103507e-05
cN102,0.0,0.0,2.239441035517535e-05
cN103,0.0,0.0,0.0
cN104,0.0,0.0,0.0
cN105,0.0,0.0,0.0
cN106,0.0,0.0,4.47888207103507e-05
cN107,0.0,0.0,0.0
cN108,0.0,0.0,6.718323106552604e-05
cN109,0.0,2.240595102059107e-05,0.0
cN110,2.246030141724502e-05,2.240595102059107e-05,0.0
cN111,0.0,0.0,2.239441035517535e-05
cN112,0.0,0.0,0.0
cN113,0.0,0.0,0.0
cN114,0.0,0.0,0.0
cN115,0.0,2.240595102059107e-05,0.0
cN116,0.0,0.0,0.0
cN117,0.0,0.0,0.0
cN118,0.0,0.0,0.0
cN119,0.0,0.0,2.239441035517535e-05
cN120,0.0,2.240595102059107e-05,0.0
cN121,4.492060283449004e-05,2.240595102059107e-05,4.47888207103507e-05
cN122,2.246030141724502e-05,0.0,4.47888207103507e-05
cN123,0.0,0.0,0.0
cN124,0.0,0.0,0.0
cN125,0.0,0.0,0.0
cN126,0.0,0.0,0.0
cN127,0.0,0.0,0.0
cN128,0.0,0.0,0.0
cN129,0.0,0.0,0.0
cN130,0.0,0.0,0.0
cN131,0.0,2.240595102059107e-05,0.0
cN132,2.246030141724502e-05,0.0,0.0
cN133,0.0,2.240595102059107e-05,2.239441035517535e-05
cN134,8.984120566898008e-05,0.0,8.95776414207014e-05
cN135,0.0,0.0,0.0
cN136,0.0,0.0,0.0
cN137,0.0,0.0,0.0
cN138,0.0,0.0,0.0
cN139,0.0,0.0,0.0
cN140,0.0,2.240595102059107e-05,0.0
cN141,0.0,0.0,0.0
cN142,2.246030141724502e-05,0.0,0.0
cN143,0.0,0.0,0.0
cN144,0.0,2.240595102059107e-05,0.0
cN145,0.0,2.240595102059107e-05,0.0
cN146,0.0,0.0,0.0
cN147,2.246030141724502e-05,0.0,0.0
cN148,0.0,0.0,0.0
cN149,0.0,0.0,0.0
cN150,0.0,0.0,2.239441035517535e-05
cN151,0.0,0.0,0.0
cN152,0.0,0.0,0.0
cN153,2.246030141724502e-05,0.0,0.0
cN154,0.0,4.481190204118214e-05,4.47888207103507e-05
cN155,0.0,0.0,0.0
cN156,0.0,0.0,2.239441035517535e-05
cN157,0.0,2.240595102059107e-05,0.0
cN158,0.0,0.0,0.0
cN159,0.0,2.240595102059107e-05,0.0
cN160,0.0,0.0,0.0
cN161,0.0,4.481190204118214e-05,2.239441035517535e-05
cN162,0.0,0.0,0.0
cN163,4.492060283449004e-05,8.962380408236428e-05,0.00011197205177587674
cN164,2.246030141724502e-05,2.240595102059107e-05,2.239441035517535e-05
cN165,0.0,2.240595102059107e-05,0.0
cN166,0.0,0.0,0.0
cN167,2.246030141724502e-05,2.240595102059107e-05,0.0
cN168,0.0,0.0,0.0
cN169,0.0,0.0,0.0
cN170,0.0,0.0,2.239441035517535e-05
cN171,0.0,0.0,0.0
cN172,0.0,0.0,0.0
cN173,2.246030141724502e-05,4.481190204118214e-05,0.0
cN174,0.0,2.240595102059107e-05,4.47888207103507e-05
cN175,4.492060283449004e-05,6.72178530617732e-05,0.0
cN176,0.0,0.0,0.0
cN177,0.0,0.0,0.0
cN178,0.0,0.0,0.0
cN179,2.246030141724502e-05,0.0,0.0
cN180,8.984120566898008e-05,0.00011202975510295535,0.00011197205177587674
cN181,0.0,0.0,0.0
cN182,0.0,0.0,0.0
cN183,0.0,2.240595102059107e-05,0.0
cN184,0.0,0.0,0.0
cN185,2.246030141724502e-05,2.240595102059107e-05,0.0
cN186,0.0,0.0,0.0
cN187,0.0,0.0,0.0
cN188,0.5622936459807291,0.5638905693352154,0.5626147713530703
cN189,0.0,0.0,0.0
cN190,2.246030141724502e-05,2.240595102059107e-05,2.239441035517535e-05
cN191,0.0,0.0,0.0
cN192,0.0,0.0,0.0
cN193,0.0,0.0,4.47888207103507e-05
cN194,0.0,0.0,6.718323106552604e-05
cN195,4.492060283449004e-05,0.0,2.239441035517535e-05
cN196,0.0,0.0,0.0
cN197,0.0,0.0,0.0
cN198,0.0,0.0,0.0
cN199,2.246030141724502e-05,4.481190204118214e-05,0.0
cN200,0.0,0.0,0.0
cN201,0.0,0.0,0.0
cN202,0.0,0.0,0.0
cN203,0.0,2.240595102059107e-05,0.0
cN204,0.0,0.0,0.0
cN205,0.0,0.0,0.0
cN206,2.246030141724502e-05,0.0,0.0
cN207,0.0,0.0,0.0
cN208,0.0,0.0,0.0
cN209,0.0001123015070862251,8.962380408236428e-05,0.00011197205177587674
cN210,0.0,0.0,0.0
cN211,0.0,0.0,0.0
cN212,0.0,0.0,2.239441035517535e-05
cN213,2.246030141724502e-05,0.0,0.0
cN214,0.0,0.0,0.0
cN215,2.246030141724502e-05,2.240595102059107e-05,2.239441035517535e-05
cN216,0.0,0.0,2.239441035517535e-05
cN217,0.0,0.0,0.0
cN218,2.246030141724502e-05,4.481190204118214e-05,0.0
cN219,0.0,0.0,6.718323106552604e-05
cN220,0.0,0.0,0.0
cN221,2.246030141724502e-05,0.0,0.0
cN222,0.0,0.0,0.0
cN223,0.0,0.0,0.0
cN224,0.0,2.240595102059107e-05,0.0
cN225,2.246030141724502e-05,0.0,0.0
cN226,2.246030141724502e-05,0.0,0.0
cN227,0.0,2.240595102059107e-05,0.0
cN228,0.0,0.0,0.0
cN229,2.246030141724502e-05,0.0,0.0
cN230,0.0,2.240595102059107e-05,2.239441035517535e-05
cN231,0.0,0.0,0.0
cN232,0.0,0.0,0.0
cN233,6.738090425173506e-05,4.481190204118214e-05,0.0
cN234,0.0,2.240595102059107e-05,4.47888207103507e-05
cN235,0.0,0.0,0.0
cN236,0.0,0.0,0.0
cN237,0.0,0.0,0.0
cN238,0.0,4.481190204118214e-05,0.0
cN239,4.492060283449004e-05,0.0,0.0
cN240,0.0,6.72178530617732e-05,0.0001343664621310521
cN241,0.0,0.0,0.0
cN242,2.246030141724502e-05,2.240595102059107e-05,0.0
cN243,2.246030141724502e-05,2.240595102059107e-05,4.47888207103507e-05
cN244,0.0,0.0,0.0
cN245,0.0,0.0,4.47888207103507e-05
cN246,0.0,2.240595102059107e-05,0.0
cN247,2.246030141724502e-05,6.72178530617732e-05,0.00011197205177587674
cN248,0.0,2.240595102059107e-05,0.0
cN249,2.246030141724502e-05,0.0,0.0
cN250,0.0,0.0,0.0
cN251,0.0,4.481190204118214e-05,2.239441035517535e-05
cN252,0.0,0.0,0.0
cN253,0.0,0.0,0.0
cN254,0.0,0.0,0.0
cN255,0.0,0.0,0.0
cN256,0.0,0.0,0.0
cN257,0.0,2.240595102059107e-05,2.239441035517535e-05
cN258,0.0,0.0,0.0
cN259,0.0,4.481190204118214e-05,0.0
cN260,2.246030141724502e-05,2.240595102059107e-05,0.0
cN261,4.492060283449004e-05,6.72178530617732e-05,4.47888207103507e-05
cN262,0.0,0.0,0.0
cN263,0.2237046021157604,0.21883892361811297,0.22235410041653603
cN264,0.0,0.0,0.0
cN265,2.246030141724502e-05,6.72178530617732e-05,0.00015676087248622743
cN266,0.0,2.240595102059107e-05,0.0
cN267,2.246030141724502e-05,0.0,0.0
cN268,0.0,0.0,0.0
cN269,2.246030141724502e-05,2.240595102059107e-05,4.47888207103507e-05
cN270,0.0,2.240595102059107e-05,6.718323106552604e-05
cN271,2.246030141724502e-05,0.0,0.0
cN272,0.0,0.0,0.0
cN273,0.0,0.0,0.0
cN274,0.0,0.0,0.0
cN275,0.0,0.0,0.0
cN276,0.0,6.72178530617732e-05,0.0
cN277,0.0,0.0,0.0
cN278,2.246030141724502e-05,0.0,0.0
cN279,2.246030141724502e-05,2.240595102059107e-05,0.0
cN280,4.492060283449004e-05,2.240595102059107e-05,0.0
cN281,0.0,0.0,0.0
cN282,2.246030141724502e-05,0.0,2.239441035517535e-05
cN283,2.246030141724502e-05,0.0,2.239441035517535e-05
cN284,4.492060283449004e-05,4.481190204118214e-05,2.239441035517535e-05
cN285,0.0,0.0,0.0
cN286,0.0,0.0,0.0
cN287,0.0,2.240595102059107e-05,0.0
cN288,0.0,0.0,0.0
cN289,0.0,0.0,0.0
cN290,0.0,0.0,0.0
cN291,0.0,0.0,0.0
cN292,8.984120566898008e-05,4.481190204118214e-05,8.95776414207014e-05
cN293,0.0,2.240595102059107e-05,0.0
cN294,0.0,4.481190204118214e-05,0.0
cN295,0.0,0.0,0.0
cN296,0.0,0.0,0.0
cN297,0.0,0.0,0.0
cN298,0.0,2.240595102059107e-05,2.239441035517535e-05
cN299,2.246030141724502e-05,0.0,0.0
cN300,0.0,0.0,2.239441035517535e-05
cN301,4.492060283449004e-05,0.0,2.239441035517535e-05
cN302,0.0,0.0,0.0
cN303,2.246030141724502e-05,0.0,0.0
cN304,0.0,0.0,0.0
cN305,0.0,0.0,0.0
cN306,0.0,4.481190204118214e-05,4.47888207103507e-05
cN307,0.0,0.0,0.0
cN308,0.0,0.0,0.0
cN309,2.246030141724502e-05,2.240595102059107e-05,0.0
cN310,2.246030141724502e-05,0.0,0.0
cN311,2.246030141724502e-05,6.72178530617732e-05,2.239441035517535e-05
cN312,0.0,0.0,0.0
cN313,0.0,0.0,0.0
cN314,0.0,2.240595102059107e-05,2.239441035517535e-05
cN315,0.0,0.0,0.0
cN316,0.0,0.0,0.0
cN317,0.0,0.0,0.0
cN318,0.0,0.0,0.0
cN319,2.246030141724502e-05,4.481190204118214e-05,0.0
cN320,2.246030141724502e-05,6.72178530617732e-05,0.0
cN321,2.246030141724502e-05,0.0,0.0
cN322,0.0,0.0,0.0
cN323,0.0,0.0,0.0
cN324,0.0,0.0,0.0
cN325,0.0,0.0,0.0
cN326,0.0,0.0,0.0
cN327,0.0,2.240595102059107e-05,0.0
cN328,0.0,2.240595102059107e-05,0.0
cN329,0.0,6.72178530617732e-05,6.718323106552604e-05
cN330,0.0,0.0,0.0
cN331,0.0,0.0,0.0
cN332,0.0,0.0,0.0
cN333,0.0,0.0,0.0
cN334,0.0,0.0,0.0
cN335,0.0,0.0,0.0
cN336,0.0,0.0,2.239441035517535e-05
cN337,4.492060283449004e-05,2.240595102059107e-05,0.0
cN338,0.0,0.0,2.239441035517535e-05
cN339,0.0,2.240595102059107e-05,2.239441035517535e-05
cN340,2.246030141724502e-05,2.240595102059107e-05,4.47888207103507e-05
cN341,0.0,0.0,0.0
cN342,0.0,0.0,0.0
cN343,0.0,2.240595102059107e-05,0.0
cN344,0.0,0.0,0.0
cN345,2.246030141724502e-05,6.72178530617732e-05,0.0
cN346,0.0,4.481190204118214e-05,0.0
cN347,2.246030141724502e-05,2.240595102059107e-05,2.239441035517535e-05
cN348,0.0,0.0,0.0
cN349,0.00013476180850347013,6.72178530617732e-05,4.47888207103507e-05
cN350,0.0,0.0,0.0
cN351,0.0,0.0,0.0
cN352,0.0,0.0,0.0
cN353,0.0,6.72178530617732e-05,4.47888207103507e-05
cN354,0.0,0.0,0.0
cN355,6.738090425173506e-05,2.240595102059107e-05,2.239441035517535e-05
cN356,2.246030141724502e-05,6.72178530617732e-05,4.47888207103507e-05
cN357,2.246030141724502e-05,0.0,0.0
cN358,0.0,0.0,0.0
cN359,4.492060283449004e-05,0.0,0.0
cN360,0.0,0.0,4.47888207103507e-05
cN361,2.246030141724502e-05,2.240595102059107e-05,0.0
cN362,0.0,0.0,0.0
cN363,0.0,0.0,0.0
cN364,0.0,0.0,2.239441035517535e-05
cN365,0.0,0.0,0.0
cN366,0.0,0.0,0.0
cN367,2.246030141724502e-05,6.72178530617732e-05,2.239441035517535e-05
cN368,0.0,0.0,0.0
cN369,2.246030141724502e-05,4.481190204118214e-05,2.239441035517535e-05
cN370,0.09648945488848461,0.09939279872734198,0.0994759707976889
cN371,0.0,0.0,0.0
cN372,0.0,0.0,0.0
cN373,4.492060283449004e-05,0.0,2.239441035517535e-05
cN374,2.246030141724502e-05,0.0,0.0
cN375,0.0,0.0,0.0
cN376,0.0,0.0,2.239441035517535e-05
cN377,0.0,6.72178530617732e-05,4.47888207103507e-05
cN378,0.0,0.0,2.239441035517535e-05
cN379,0.0,0.0,0.0
cN380,0.0,0.0,0.0
cN381,0.0,0.0,0.0
cN382,2.246030141724502e-05,6.72178530617732e-05,6.718323106552604e-05
cN383,0.0,2.240595102059107e-05,0.0
cN384,2.246030141724502e-05,2.240595102059107e-05,2.239441035517535e-05
cN385,0.0,0.0,0.0
cN386,0.0,0.0,0.0
cN387,0.0,0.0,4.47888207103507e-05
cN388,0.0,0.0,0.0
cN389,0.0,0.0,0.0
cN390,4.492060283449004e-05,0.0,0.0
cN391,0.0,0.0,0.0
cN392,0.0,2.240595102059107e-05,0.0
cN393,2.246030141724502e-05,6.72178530617732e-05,0.0
cN394,0.0,0.0,0.0
cN395,0.0,2.240595102059107e-05,2.239441035517535e-05
cN396,2.246030141724502e-05,0.0,0.0
cN397,0.0,0.0,0.0
cN398,0.0,0.0,0.0
cN399,0.0,0.0,2.239441035517535e-05
cN400,2.246030141724502e-05,0.0,0.0
cN401,4.492060283449004e-05,0.0,0.0
cN402,6.738090425173506e-05,6.72178530617732e-05,0.00011197205177587674
cN403,0.0,0.0,2.239441035517535e-05
cN404,0.0,0.0,0.0
cN405,0.00013476180850347013,0.00011202975510295535,0.0001343664621310521
cN406,0.0,2.240595102059107e-05,0.0
cN407,0.0,0.0,2.239441035517535e-05
cN408,0.0,0.0,0.0
cN409,6.738090425173506e-05,0.00015684165714413748,0.0001343664621310521
cN410,0.0,2.240595102059107e-05,2.239441035517535e-05
cN411,0.0,0.0,0.0
cN412,2.246030141724502e-05,0.0,0.0
cN413,0.0,0.0,0.0
cN414,2.246030141724502e-05,2.240595102059107e-05,6.718323106552604e-05
cN415,0.0,0.0,0.0
cN416,2.246030141724502e-05,2.240595102059107e-05,0.0
cN417,0.0,0.0,2.239441035517535e-05
cN418,0.0,4.481190204118214e-05,0.0
cN419,0.0,2.240595102059107e-05,0.0
cN420,0.0,4.481190204118214e-05,0.0
cN421,0.0,0.0,0.0
cN422,0.0,0.0,0.0
cN423,0.0,0.0,0.0
cN424,0.0,4.481190204118214e-05,0.0
cN425,0.0,0.0,0.0
cN426,4.492060283449004e-05,0.0,0.0
cN427,0.0,0.0,0.0
cN428,0.0,0.0,0.0
cN429,2.246030141724502e-05,2.240595102059107e-05,2.239441035517535e-05
cN430,2.246030141724502e-05,6.72178530617732e-05,4.47888207103507e-05
cN431,0.0,0.0,0.0
cN432,0.0,0.0,0.0
cN433,0.0,0.0,0.0
cN434,0.0,0.0,0.0
cN435,0.0,0.0,0.0
cN436,2.246030141724502e-05,0.0,2.239441035517535e-05
cN437,2.246030141724502e-05,8.962380408236428e-05,8.95776414207014e-05
cN438,0.0,2.240595102059107e-05,0.0
cN439,0.0,2.240595102059107e-05,0.0
cN440,0.0,2.240595102059107e-05,2.239441035517535e-05
cN441,0.0,0.0,2.239441035517535e-05
cN442,0.0,0.0,0.0
cN443,0.0,0.0,0.0
cN444,0.0,0.0,0.0
cN445,2.246030141724502e-05,0.0,2.239441035517535e-05
cN446,2.246030141724502e-05,0.0,0.0
cN447,0.0,0.0,2.239441035517535e-05
cN448,0.0,0.0,2.239441035517535e-05
cN449,6.738090425173506e-05,2.240595102059107e-05,0.0
cN450,2.246030141724502e-05,2.240595102059107e-05,8.95776414207014e-05
cN451,0.0,2.240595102059107e-05,4.47888207103507e-05
cN452,0.0,2.240595102059107e-05,0.0
cN453,0.0,0.0,0.0
cN454,0.0006064281382656155,0.0004929309224530036,0.0006270434899449097
cN455,0.0,0.0,0.0
cN456,0.0,2.240595102059107e-05,0.0
cN457,2.246030141724502e-05,2.240595102059107e-05,0.0
cN458,0.0,0.0,0.0
cN459,0.0,0.0,0.0
cN460,2.246030141724502e-05,2.240595102059107e-05,2.239441035517535e-05
cN461,0.0,0.0,2.239441035517535e-05
cN462,2.246030141724502e-05,0.0,4.47888207103507e-05
cN463,2.246030141724502e-05,6.72178530617732e-05,2.239441035517535e-05
cN464,4.492060283449004e-05,6.72178530617732e-05,4.47888207103507e-05
cN465,0.0,0.0,0.0
cN466,0.0,0.0,2.239441035517535e-05
cN467,0.0,2.240595102059107e-05,0.0
cN468,0.0,4.481190204118214e-05,0.0
cN469,0.0,0.0,0.0
cN470,0.0,0.0,0.0
cN471,2.246030141724502e-05,0.0,0.0
cN472,0.0,0.0,0.0
cN473,0.0,0.0,2.239441035517535e-05
cN474,0.0,0.0,0.0
cN475,0.0,2.240595102059107e-05,0.0
cN476,4.492060283449004e-05,0.0,4.47888207103507e-05
cN477,2.246030141724502e-05,0.0,0.0
cN478,0.0,0.0,0.0
cN479,2.246030141724502e-05,4.481190204118214e-05,0.0
cN480,0.0,0.0,0.0
cN481,2.246030141724502e-05,2.240595102059107e-05,0.0
cN482,0.0,0.0,0.0
cN483,0.0,0.0,0.0
cN484,6.738090425173506e-05,2.240595102059107e-05,2.239441035517535e-05
cN485,0.0,0.0,0.0
cN486,0.0,0.0,0.0
cN487,0.0,0.0,0.0
cN488,0.0,2.240595102059107e-05,2.239441035517535e-05
cN489,0.0,0.0,0.0
cN490,0.0,0.0,0.0
cN491,0.0,2.240595102059107e-05,0.0
cN492,0.0,2.240595102059107e-05,0.0
cN493,0.00015722210992071513,8.962380408236428e-05,0.00020154969319657813
cN494,4.492060283449004e-05,2.240595102059107e-05,4.47888207103507e-05
cN495,2.246030141724502e-05,6.72178530617732e-05,0.00011197205177587674
cN496,0.0,0.0,2.239441035517535e-05
cN497,8.984120566898008e-05,6.72178530617732e-05,4.47888207103507e-05
cN498,0.0,2.240595102059107e-05,0.0
cN499,0.0,0.0,2.239441035517535e-05
cN500,0.0,0.0,2.239441035517535e-05
cN501,2.246030141724502e-05,0.0,4.47888207103507e-05
cN502,8.984120566898008e-05,4.481190204118214e-05,0.0
cN503,0.0,0.0,2.239441035517535e-05
cN504,0.0,0.0,0.0
cN505,4.492060283449004e-05,6.72178530617732e-05,8.95776414207014e-05
cN506,2.246030141724502e-05,2.240595102059107e-05,2.239441035517535e-05
cN507,4.492060283449004e-05,2.240595102059107e-05,0.0
cN508,0.0003593648226759203,0.0002688714122470928,0.0003359161553276302
cN509,4.492060283449004e-05,0.0,8.95776414207014e-05
cN510,0.0,0.0,0.0
cN511,0.0,2.240595102059107e-05,2.239441035517535e-05
cN512,2.246030141724502e-05,4.481190204118214e-05,4.47888207103507e-05
cN513,0.0,0.0,0.0
cN514,0.0,0.0,2.239441035517535e-05
cN515,0.0,2.240595102059107e-05,0.0
cN516,0.0,0.0,2.239441035517535e-05
cN517,0.0,4.481190204118214e-05,4.47888207103507e-05
cN518,0.0,0.0,0.0
cN519,0.0,0.0,0.0
cN520,0.0,0.0,0.0
cN521,0.0,0.0,0.0
cN522,0.0,0.0,0.0
cN523,0.0,0.0,0.0
cN524,0.0,0.0,0.0
cN525,0.0,0.0,0.0
cN526,0.0,0.0,0.0
cN527,0.0,0.0,0.0
cN528,0.0,0.0,0.0
cN529,4.492060283449004e-05,2.240595102059107e-05,0.0
cN530,0.0,0.0,0.0
gN001,4.492060283449004e-05,0.00011202975510295535,4.47888207103507e-05
gN002,4.492060283449004e-05,8.962380408236428e-05,2.239441035517535e-05
gN003,0.0,0.0,2.239441035517535e-05
