variants,SampleType,Animal,kidney,liver,lung,input_norm
cH001,gDNA,m1,44334.00053600001,44334.00053600001,44334.00053600001,2.2556051515991252e-11
cH002,gDNA,m1,44334.00053600001,44334.00053600001,44334044870.00054,2.2556051515991252e-11
cH003,gDNA,m1,44334.00053600001,44334.00053600001,44334.00053600001,2.2556051515991252e-11
cN001,gDNA,m1,44334.00053600001,44334.00053600001,44334.00053600001,2.2556051515991252e-11
cN002,gDNA,m1,44334.00053600001,44334.00053600001,44334044870.00054,2.2556051515991252e-11
cN003,gDNA,m1,44334.00053600001,44334.00053600001,44334044870.00054,2.2556051515991252e-11
cN004,gDNA,m1,88668045406.00056,44334044870.00054,44334.00053600001,2.2556051515991252e-11
cN005,gDNA,m1,44334.00053600001,44334.00053600001,0.044333956202043806,2.255607407204277e-05
cN006,gDNA,m1,44334044870.00054,44334.00053600001,44334.00053600001,2.2556051515991252e-11
cN007,gDNA,m1,44334.00053600001,44334.00053600001,44334044870.00054,2.2556051515991252e-11
cN008,gDNA,m1,44334.00053600001,44334044870.00054,44334.00053600001,2.2556051515991252e-11
cN009,gDNA,m1,44334.00053600001,88667.95673804382,0.044333956202043806,2.255607407204277e-05
cN010,gDNA,m1,44334.00053600001,44334.00053600001,44334.00053600001,2.2556051515991252e-11
cN011,gDNA,m1,44334.00053600001,44334.00053600001,88668045406.00056,2.2556051515991252e-11
cN012,gDNA,m1,44334.00053600001,44334.00053600001,44334.00053600001,2.2556051515991252e-11
cN013,gDNA,m1,22167.005809748684,44334.00053600001,66500.99526225132,9.022422862001654e-05
cN014,gDNA,m1,44334.00053600001,44334.00053600001,44334.00053600001,2.2556051515991252e-11
cN015,gDNA,m1,88667.95673804382,0.044333956202043806,44334.00053600001,2.255607407204277e-05
cN016,gDNA,m1,44334.00053600001,44334.00053600001,44334044870.00054,2.2556051515991252e-11
cN017,gDNA,m1,44334.00053600001,44334.00053600001,44334044870.00054,2.2556051515991252e-11
cN018,gDNA,m1,44334.00053600001,44334.00053600001,44334044870.00054,2.2556051515991252e-11
cN019,gDNA,m1,0.044333956202043806,0.044333956202043806,0.044333956202043806,2.255607407204277e-05
cN020,gDNA,m1,44334044870.00054,44334.00053600001,44334.00053600001,2.2556051515991252e-11
cN021,gDNA,m1,0.044333956202043806,0.044333956202043806,0.044333956202043806,2.255607407204277e-05
cN022,gDNA,m1,44334.00053600001,44334.00053600001,44334.00053600001,2.2556051515991252e-11
cN023,gDNA,m1,0.044333956202043806,0.044333956202043806,0.044333956202043806,2.255607407204277e-05
cN024,gDNA,m1,44334.00053600001,44334.00053600001,44334.00053600001,2.2556051515991252e-11
cN025,gDNA,m1,44334.00053600001,44334.00053600001,44334.00053600001,2.2556051515991252e-11
cN026,gDNA,m1,44334.00053600001,44334.00053600001,44334.00053600001,2.2556051515991252e-11
cN027,gDNA,m1,44334.00053600001,44334.00053600001,88668045406.00056,2.2556051515991252e-11
cN028,gDNA,m1,0.044333956202043806,0.044333956202043806,0.044333956202043806,2.255607407204277e-05
cN029,gDNA,m1,44334044870.00054,44334.00053600001,44334.00053600001,2.2556051515991252e-11
cN030,gDNA,m1,0.044333956202043806,88667.95673804382,44334.00053600001,2.255607407204277e-05
cN031,gDNA,m1,0.044333956202043806,0.044333956202043806,0.044333956202043806,2.255607407204277e-05
cN032,gDNA,m1,44334.00053600001,44334044870.00054,44334044870.00054,2.2556051515991252e-11
cN033,gDNA,m1,44334.00053600001,44334.00053600001,44334.00053600001,2.2556051515991252e-11
cN034,gDNA,m1,0.044333956202043806,44334.00053600001,0.044333956202043806,2.255607407204277e-05
cN035,gDNA,m1,44334044870.00054,44334044870.00054,88668045406.00056,2.2556051515991252e-11
cN036,gDNA,m1,44334044870.00054,44334.00053600001,44334.00053600001,2.2556051515991252e-11
cN037,gDNA,m1,44334044870.00054,44334.00053600001,44334.00053600001,2.2556051515991252e-11
cN038,gDNA,m1,44334.00053600001,44334.00053600001,44334.00053600001,2.2556051515991252e-11
cN039,gDNA,m1,0.044333956202043806,44334.00053600001,44334.00053600001,2.255607407204277e-05
cN040,gDNA,m1,44334.00053600001,44334.00053600001,44334044870.00054,2.2556051515991252e-11
cN041,gDNA,m1,44334044870.00054,44334.00053600001,44334.00053600001,2.2556051515991252e-11
cN042,gDNA,m1,44334044870.00054,44334044870.00054,44334.00053600001,2.2556051515991252e-11
cN043,gDNA,m1,44334044870.00054,44334.00053600001,44334.00053600001,2.2556051515991252e-11
cN044,gDNA,m1,44334.00053600001,44334.00053600001,44334.00053600001,2.2556051515991252e-11
cN045,gDNA,m1,44334.00053600001,44334.00053600001,44334.00053600001,2.2556051515991252e-11
cN046,gDNA,m1,0.044333956202043806,44334.00053600001,88667.95673804382,2.255607407204277e-05
cN047,gDNA,m1,44334.00053600001,44334.00053600001,44334.00053600001,2.2556051515991252e-11
cN048,gDNA,m1,44334.00053600001,88667.95673804382,44334.00053600001,2.255607407204277e-05
cN049,gDNA,m1,44334.00053600001,44334044870.00054,44334.00053600001,2.2556051515991252e-11
cN050,gDNA,m1,44334.00053600001,44334044870.00054,44334044870.00054,2.2556051515991252e-11
cN051,gDNA,m1,43364.27692136682,43267.3045599035,42332.843622166074,0.11343438309647608
cN052,gDNA,m1,0.044333956202043806,44334.00053600001,0.044333956202043806,2.255607407204277e-05
cN053,gDNA,m1,44334.00053600001,44334.00053600001,44334044870.00054,2.2556051515991252e-11
cN054,gDNA,m1,44334.00053600001,44334044870.00054,44334044870.00054,2.2556051515991252e-11
cN055,gDNA,m1,0.044333956202043806,44334.00053600001,0.044333956202043806,2.255607407204277e-05
cN056,gDNA,m1,44334.00053600001,0.044333956202043806,0.044333956202043806,2.255607407204277e-05
cN057,gDNA,m1,44334.00053600001,44334.00053600001,44334.00053600001,2.2556051515991252e-11
cN058,gDNA,m1,14778.010030663501,14778.010030663501,14778.010030663501,6.766817710402528e-05
cN059,gDNA,m1,44334.00053600001,44334.00053600001,44334.00053600001,2.2556051515991252e-11
cN060,gDNA,m1,0.044333956202043806,0.044333956202043806,0.044333956202043806,2.255607407204277e-05
cN061,gDNA,m1,44334.00053600001,44334.00053600001,88667.95673804382,2.255607407204277e-05
cN062,gDNA,m1,44334.00053600001,44334.00053600001,44334.00053600001,2.2556051515991252e-11
cN063,gDNA,m1,44334.00053600001,44334.00053600001,44334.00053600001,2.2556051515991252e-11
cN064,gDNA,m1,44334044870.00054,44334044870.00054,44334.00053600001,2.2556051515991252e-11
cN065,gDNA,m1,44334.00053600001,44334.00053600001,110834.96808951623,4.511212558803403e-05
cN066,gDNA,m1,0.044333956202043806,0.044333956202043806,0.044333956202043806,2.255607407204277e-05
cN067,gDNA,m1,44334044870.00054,44334.00053600001,44334.00053600001,2.2556051515991252e-11
cN068,gDNA,m1,44334.00053600001,44334.00053600001,44334.00053600001,2.2556051515991252e-11
cN069,gDNA,m1,88668045406.00056,44334044870.00054,44334.00053600001,2.2556051515991252e-11
cN070,gDNA,m1,44334.00053600001,44334044870.00054,44334.00053600001,2.2556051515991252e-11
cN071,gDNA,m1,44334.00053600001,44334.00053600001,44334.00053600001,2.2556051515991252e-11
cN072,gDNA,m1,49875.74991028133,16625.25366459336,11083.504290312034,0.00018044843468398154
cN073,gDNA,m1,66500.98972050541,0.022166989184505406,0.022166989184505406,4.511212558803403e-05
cN074,gDNA,m1,44334.00053600001,44334.00053600001,44334044870.00054,2.2556051515991252e-11
cN075,gDNA,m1,44334.00053600001,0.022166989184505406,22167.01135149459,4.511212558803403e-05
cN076,gDNA,m1,44334.00053600001,44334.00053600001,44334.00053600001,2.2556051515991252e-11
cN077,gDNA,m1,44334.00053600001,44334.00053600001,44334.00053600001,2.2556051515991252e-11
cN078,gDNA,m1,22167.01135149459,22167.01135149459,22167.01135149459,4.511212558803403e-05
cN079,gDNA,m1,44334.00053600001,44334.00053600001,44334.00053600001,2.2556051515991252e-11
cN080,gDNA,m1,88668045406.00056,88668045406.00056,133002045942.00056,2.2556051515991252e-11
cN081,gDNA,m1,44334.00053600001,44334.00053600001,44334.00053600001,2.2556051515991252e-11
cN082,gDNA,m1,0.044333956202043806,0.044333956202043806,44334.00053600001,2.255607407204277e-05
cN083,gDNA,m1,44334.00053600001,44334.00053600001,44334.00053600001,2.2556051515991252e-11
cN084,gDNA,m1,44334.00053600001,44334.00053600001,44334044870.00054,2.2556051515991252e-11
cN085,gDNA,m1,0.044333956202043806,44334.00053600001,0.044333956202043806,2.255607407204277e-05
cN086,gDNA,m1,44334.00053600001,44334.00053600001,44334.00053600001,2.2556051515991252e-11
cN087,gDNA,m1,44334.00053600001,44334.00053600001,44334.00053600001,2.2556051515991252e-11
cN088,gDNA,m1,44334.00053600001,44334.00053600001,44334.00053600001,2.2556051515991252e-11
cN089,gDNA,m1,44334.00053600001,0.044333956202043806,133001.9129400876,2.255607407204277e-05
cN090,gDNA,m1,44334.00053600001,44334044870.00054,44334.00053600001,2.2556051515991252e-11
cN091,gDNA,m1,44334.00053600001,44334.00053600001,44334.00053600001,2.2556051515991252e-11
cN092,gDNA,m1,44334.00053600001,44334.00053600001,44334.00053600001,2.2556051515991252e-11
cN093,gDNA,m1,44334.00053600001,44334044870.00054,44334.00053600001,2.2556051515991252e-11
cN094,gDNA,m1,44334.00053600001,44334.00053600001,44334.00053600001,2.2556051515991252e-11
cN095,gDNA,m1,44334.00053600001,44334.00053600001,44334.00053600001,2.2556051515991252e-11
cN096,gDNA,m1,133002045942.00056,44334044870.00054,44334044870.00054,2.2556051515991252e-11
cN097,gDNA,m1,44334.00053600001,0.044333956202043806,44334.00053600001,2.255607407204277e-05
cN098,gDNA,m1,44334.00053600001,44334.00053600001,44334.00053600001,2.2556051515991252e-11
cN099,gDNA,m1,0.044333956202043806,0.044333956202043806,0.044333956202043806,2.255607407204277e-05
cN100,gDNA,m1,44334.00053600001,44334.00053600001,44334.00053600001,2.2556051515991252e-11
cN101,gDNA,m1,110834.96808951623,88667.97890501082,44334.00053600001,4.511212558803403e-05
cN102,gDNA,m1,44334.00053600001,44334.00053600001,44334044870.00054,2.2556051515991252e-11
cN103,gDNA,m1,44334.00053600001,44334.00053600001,44334.00053600001,2.2556051515991252e-11
cN104,gDNA,m1,44334.00053600001,44334.00053600001,44334.00053600001,2.2556051515991252e-11
cN105,gDNA,m1,44334.00053600001,44334.00053600001,44334.00053600001,2.2556051515991252e-11
cN106,gDNA,m1,44334.00053600001,44334.00053600001,88668045406.00056,2.2556051515991252e-11
cN107,gDNA,m1,44334.00053600001,44334.00053600001,44334.00053600001,2.2556051515991252e-11
cN108,gDNA,m1,0.044333956202043806,0.044333956202043806,133001.9129400876,2.255607407204277e-05
cN109,gDNA,m1,44334.00053600001,44334.00053600001,44334.00053600001,2.2556051515991252e-11
cN110,gDNA,m1,44334044870.00054,44334044870.00054,44334.00053600001,2.2556051515991252e-11
cN111,gDNA,m1,44334.00053600001,44334.00053600001,44334044870.00054,2.2556051515991252e-11
cN112,gDNA,m1,44334.00053600001,44334.00053600001,44334.00053600001,2.2556051515991252e-11
cN113,gDNA,m1,44334.00053600001,44334.00053600001,44334.00053600001,2.2556051515991252e-11
cN114,gDNA,m1,44334.00053600001,44334.00053600001,44334.00053600001,2.2556051515991252e-11
cN115,gDNA,m1,44334.00053600001,44334044870.00054,44334.00053600001,2.2556051515991252e-11
cN116,gDNA,m1,44334.00053600001,44334.00053600001,44334.00053600001,2.2556051515991252e-11
cN117,gDNA,m1,44334.00053600001,44334.00053600001,44334.00053600001,2.2556051515991252e-11
cN118,gDNA,m1,44334.00053600001,44334.00053600001,44334.00053600001,2.2556051515991252e-11
cN119,gDNA,m1,0.044333956202043806,0.044333956202043806,44334.00053600001,2.255607407204277e-05
cN120,gDNA,m1,44334.00053600001,44334044870.00054,44334.00053600001,2.2556051515991252e-11
cN121,gDNA,m1,44334.00053600001,22167.01135149459,44334.00053600001,4.511212558803403e-05
cN122,gDNA,m1,44334.00053600001,0.044333956202043806,88667.95673804382,2.255607407204277e-05
cN123,gDNA,m1,44334.00053600001,44334.00053600001,44334.00053600001,2.2556051515991252e-11
cN124,gDNA,m1,44334.00053600001,44334.00053600001,44334.00053600001,2.2556051515991252e-11
cN125,gDNA,m1,44334.00053600001,44334.00053600001,44334.00053600001,2.2556051515991252e-11
cN126,gDNA,m1,0.044333956202043806,0.044333956202043806,0.044333956202043806,2.255607407204277e-05
cN127,gDNA,m1,44334.00053600001,44334.00053600001,44334.00053600001,2.2556051515991252e-11
cN128,gDNA,m1,44334.00053600001,44334.00053600001,44334.00053600001,2.2556051515991252e-11
cN129,gDNA,m1,44334.00053600001,44334.00053600001,44334.00053600001,2.2556051515991252e-11
cN130,gDNA,m1,44334.00053600001,44334.00053600001,44334.00053600001,2.2556051515991252e-11
cN131,gDNA,m1,44334.00053600001,44334044870.00054,44334.00053600001,2.2556051515991252e-11
cN132,gDNA,m1,44334044870.00054,44334.00053600001,44334.00053600001,2.2556051515991252e-11
cN133,gDNA,m1,0.044333956202043806,44334.00053600001,44334.00053600001,2.255607407204277e-05
cN134,gDNA,m1,177335.86914213144,0.044333956202043806,177335.86914213144,2.255607407204277e-05
cN135,gDNA,m1,44334.00053600001,44334.00053600001,44334.00053600001,2.2556051515991252e-11
cN136,gDNA,m1,44334.00053600001,44334.00053600001,44334.00053600001,2.2556051515991252e-11
cN137,gDNA,m1,44334.00053600001,44334.00053600001,44334.00053600001,2.2556051515991252e-11
cN138,gDNA,m1,44334.00053600001,44334.00053600001,44334.00053600001,2.2556051515991252e-11
cN139,gDNA,m1,0.044333956202043806,0.044333956202043806,0.044333956202043806,2.255607407204277e-05
cN140,gDNA,m1,0.044333956202043806,44334.00053600001,0.044333956202043806,2.255607407204277e-05
cN141,gDNA,m1,44334.00053600001,44334.00053600001,44334.00053600001,2.2556051515991252e-11
cN142,gDNA,m1,44334044870.00054,44334.00053600001,44334.00053600001,2.2556051515991252e-11
cN143,gDNA,m1,44334.00053600001,44334.00053600001,44334.00053600001,2.2556051515991252e-11
cN144,gDNA,m1,0.01477799525266825,14778.010030663501,0.01477799525266825,6.766817710402528e-05
cN145,gDNA,m1,44334.00053600001,44334044870.00054,44334.00053600001,2.2556051515991252e-11
cN146,gDNA,m1,44334.00053600001,44334.00053600001,44334.00053600001,2.2556051515991252e-11
cN147,gDNA,m1,44334044870.00054,44334.00053600001,44334.00053600001,2.2556051515991252e-11
cN148,gDNA,m1,44334.00053600001,44334.00053600001,44334.00053600001,2.2556051515991252e-11
cN149,gDNA,m1,44334.00053600001,44334.00053600001,44334.00053600001,2.2556051515991252e-11
cN150,gDNA,m1,0.044333956202043806,0.044333956202043806,44334.00053600001,2.255607407204277e-05
cN151,gDNA,m1,44334.00053600001,44334.00053600001,44334.00053600001,2.2556051515991252e-11
cN152,gDNA,m1,44334.00053600001,44334.00053600001,44334.00053600001,2.2556051515991252e-11
cN153,gDNA,m1,44334044870.00054,44334.00053600001,44334.00053600001,2.2556051515991252e-11
cN154,gDNA,m1,44334.00053600001,88668045406.00056,88668045406.00056,2.2556051515991252e-11
cN155,gDNA,m1,44334.00053600001,44334.00053600001,44334.00053600001,2.2556051515991252e-11
cN156,gDNA,m1,0.044333956202043806,0.044333956202043806,44334.00053600001,2.255607407204277e-05
cN157,gDNA,m1,0.044333956202043806,44334.00053600001,0.044333956202043806,2.255607407204277e-05
cN158,gDNA,m1,44334.00053600001,44334.00053600001,44334.00053600001,2.2556051515991252e-11
cN159,gDNA,m1,0.044333956202043806,44334.00053600001,0.044333956202043806,2.255607407204277e-05
cN160,gDNA,m1,44334.00053600001,44334.00053600001,44334.00053600001,2.2556051515991252e-11
cN161,gDNA,m1,44334.00053600001,88668045406.00056,44334044870.00054,2.2556051515991252e-11
cN162,gDNA,m1,44334.00053600001,44334.00053600001,44334.00053600001,2.2556051515991252e-11
cN163,gDNA,m1,22167.005809748684,44334.00053600001,55417.497899125665,9.022422862001654e-05
cN164,gDNA,m1,44334044870.00054,44334044870.00054,44334044870.00054,2.2556051515991252e-11
cN165,gDNA,m1,0.044333956202043806,44334.00053600001,0.044333956202043806,2.255607407204277e-05
cN166,gDNA,m1,44334.00053600001,44334.00053600001,44334.00053600001,2.2556051515991252e-11
cN167,gDNA,m1,44334044870.00054,44334044870.00054,44334.00053600001,2.2556051515991252e-11
cN168,gDNA,m1,44334.00053600001,44334.00053600001,44334.00053600001,2.2556051515991252e-11
cN169,gDNA,m1,44334.00053600001,44334.00053600001,44334.00053600001,2.2556051515991252e-11
cN170,gDNA,m1,44334.00053600001,44334.00053600001,44334044870.00054,2.2556051515991252e-11
cN171,gDNA,m1,44334.00053600001,44334.00053600001,44334.00053600001,2.2556051515991252e-11
cN172,gDNA,m1,44334.00053600001,44334.00053600001,44334.00053600001,2.2556051515991252e-11
cN173,gDNA,m1,44334044870.00054,88668045406.00056,44334.00053600001,2.2556051515991252e-11
cN174,gDNA,m1,44334.00053600001,44334044870.00054,88668045406.00056,2.2556051515991252e-11
cN175,gDNA,m1,88668045406.00056,133002045942.00056,44334.00053600001,2.2556051515991252e-11
cN176,gDNA,m1,44334.00053600001,44334.00053600001,44334.00053600001,2.2556051515991252e-11
cN177,gDNA,m1,44334.00053600001,44334.00053600001,44334.00053600001,2.2556051515991252e-11
cN178,gDNA,m1,44334.00053600001,44334.00053600001,44334.00053600001,2.2556051515991252e-11
cN179,gDNA,m1,44334044870.00054,44334.00053600001,44334.00053600001,2.2556051515991252e-11
cN180,gDNA,m1,44334.00053600001,55417.497899125665,55417.497899125665,9.022422862001654e-05
cN181,gDNA,m1,44334.00053600001,44334.00053600001,44334.00053600001,2.2556051515991252e-11
cN182,gDNA,m1,44334.00053600001,44334.00053600001,44334.00053600001,2.2556051515991252e-11
cN183,gDNA,m1,0.044333956202043806,44334.00053600001,0.044333956202043806,2.255607407204277e-05
cN184,gDNA,m1,44334.00053600001,44334.00053600001,44334.00053600001,2.2556051515991252e-11
cN185,gDNA,m1,44334044870.00054,44334044870.00054,44334.00053600001,2.2556051515991252e-11
cN186,gDNA,m1,44334.00053600001,44334.00053600001,44334.00053600001,2.2556051515991252e-11
cN187,gDNA,m1,44334.00053600001,44334.00053600001,44334.00053600001,2.2556051515991252e-11
cN188,gDNA,m1,44440.99703783231,44663.90641664962,44601.491790580774,0.5607659967616146
cN189,gDNA,m1,44334.00053600001,44334.00053600001,44334.00053600001,2.2556051515991252e-11
cN190,gDNA,m1,44334.00053600001,44334.00053600001,44334.00053600001,2.255607407204277e-05
cN191,gDNA,m1,44334.00053600001,44334.00053600001,44334.00053600001,2.2556051515991252e-11
cN192,gDNA,m1,0.044333956202043806,0.044333956202043806,0.044333956202043806,2.255607407204277e-05
cN193,gDNA,m1,44334.00053600001,44334.00053600001,88668045406.00056,2.2556051515991252e-11
cN194,gDNA,m1,0.022166989184505406,0.022166989184505406,66500.98972050541,4.511212558803403e-05
cN195,gDNA,m1,44334.00053600001,0.022166989184505406,22167.01135149459,4.511212558803403e-05
cN196,gDNA,m1,44334.00053600001,44334.00053600001,44334.00053600001,2.2556051515991252e-11
cN197,gDNA,m1,0.044333956202043806,0.044333956202043806,0.044333956202043806,2.255607407204277e-05
cN198,gDNA,m1,0.044333956202043806,0.044333956202043806,0.044333956202043806,2.255607407204277e-05
cN199,gDNA,m1,44334044870.00054,88668045406.00056,44334.00053600001,2.2556051515991252e-11
cN200,gDNA,m1,44334.00053600001,44334.00053600001,44334.00053600001,2.2556051515991252e-11
cN201,gDNA,m1,0.044333956202043806,0.044333956202043806,0.044333956202043806,2.255607407204277e-05
cN202,gDNA,m1,44334.00053600001,44334.00053600001,44334.00053600001,2.2556051515991252e-11
cN203,gDNA,m1,0.044333956202043806,44334.00053600001,0.044333956202043806,2.255607407204277e-05
cN204,gDNA,m1,44334.00053600001,44334.00053600001,44334.00053600001,2.2556051515991252e-11
cN205,gDNA,m1,44334.00053600001,44334.00053600001,44334.00053600001,2.2556051515991252e-11
cN206,gDNA,m1,44334.00053600001,0.044333956202043806,0.044333956202043806,2.255607407204277e-05
cN207,gDNA,m1,44334.00053600001,44334.00053600001,44334.00053600001,2.2556051515991252e-11
cN208,gDNA,m1,44334.00053600001,44334.00053600001,44334.00053600001,2.2556051515991252e-11
cN209,gDNA,m1,221669.82534417525,177335.86914213144,221669.82534417525,2.255607407204277e-05
cN210,gDNA,m1,44334.00053600001,44334.00053600001,44334.00053600001,2.2556051515991252e-11
cN211,gDNA,m1,44334.00053600001,44334.00053600001,44334.00053600001,2.2556051515991252e-11
cN212,gDNA,m1,44334.00053600001,44334.00053600001,44334044870.00054,2.2556051515991252e-11
cN213,gDNA,m1,44334044870.00054,44334.00053600001,44334.00053600001,2.2556051515991252e-11
cN214,gDNA,m1,44334.00053600001,44334.00053600001,44334.00053600001,2.2556051515991252e-11
cN215,gDNA,m1,44334044870.00054,44334044870.00054,44334044870.00054,2.2556051515991252e-11
cN216,gDNA,m1,44334.00053600001,44334.00053600001,44334044870.00054,2.2556051515991252e-11
cN217,gDNA,m1,44334.00053600001,44334.00053600001,44334.00053600001,2.2556051515991252e-11
cN218,gDNA,m1,44334044870.00054,88668045406.00056,44334.00053600001,2.2556051515991252e-11
cN219,gDNA,m1,44334.00053600001,44334.00053600001,133002045942.00056,2.2556051515991252e-11
cN220,gDNA,m1,44334.00053600001,44334.00053600001,44334.00053600001,2.2556051515991252e-11
cN221,gDNA,m1,44334044870.00054,44334.00053600001,44334.00053600001,2.2556051515991252e-11
cN222,gDNA,m1,44334.00053600001,44334.00053600001,44334.00053600001,2.2556051515991252e-11
cN223,gDNA,m1,44334.00053600001,44334.00053600001,44334.00053600001,2.2556051515991252e-11
cN224,gDNA,m1,0.044333956202043806,44334.00053600001,0.044333956202043806,2.255607407204277e-05
cN225,gDNA,m1,44334044870.00054,44334.00053600001,44334.00053600001,2.2556051515991252e-11
cN226,gDNA,m1,44334044870.00054,44334.00053600001,44334.00053600001,2.2556051515991252e-11
cN227,gDNA,m1,44334.00053600001,44334044870.00054,44334.00053600001,2.2556051515991252e-11
cN228,gDNA,m1,44334.00053600001,44334.00053600001,44334.00053600001,2.2556051515991252e-11
cN229,gDNA,m1,44334044870.00054,44334.00053600001,44334.00053600001,2.2556051515991252e-11
cN230,gDNA,m1,44334.00053600001,44334044870.00054,44334044870.00054,2.2556051515991252e-11
cN231,gDNA,m1,0.044333956202043806,0.044333956202043806,0.044333956202043806,2.255607407204277e-05
cN232,gDNA,m1,44334.00053600001,44334.00053600001,44334.00053600001,2.2556051515991252e-11
cN233,gDNA,m1,133001.9129400876,88667.95673804382,0.044333956202043806,2.255607407204277e-05
cN234,gDNA,m1,0.044333956202043806,44334.00053600001,88667.95673804382,2.255607407204277e-05
cN235,gDNA,m1,44334.00053600001,44334.00053600001,44334.00053600001,2.2556051515991252e-11
cN236,gDNA,m1,44334.00053600001,44334.00053600001,44334.00053600001,2.2556051515991252e-11
cN237,gDNA,m1,0.044333956202043806,0.044333956202043806,0.044333956202043806,2.255607407204277e-05
cN238,gDNA,m1,0.044333956202043806,88667.95673804382,0.044333956202043806,2.255607407204277e-05
cN239,gDNA,m1,88668045406.00056,44334.00053600001,44334.00053600001,2.2556051515991252e-11
cN240,gDNA,m1,0.044333956202043806,133001.9129400876,266003.781546219,2.255607407204277e-05
cN241,gDNA,m1,0.044333956202043806,0.044333956202043806,0.044333956202043806,2.255607407204277e-05
cN242,gDNA,m1,44334.00053600001,44334.00053600001,0.044333956202043806,2.255607407204277e-05
cN243,gDNA,m1,44334044870.00054,44334044870.00054,88668045406.00056,2.2556051515991252e-11
cN244,gDNA,m1,44334.00053600001,44334.00053600001,44334.00053600001,2.2556051515991252e-11
cN245,gDNA,m1,44334.00053600001,44334.00053600001,88668045406.00056,2.2556051515991252e-11
cN246,gDNA,m1,44334.00053600001,44334044870.00054,44334.00053600001,2.2556051515991252e-11
cN247,gDNA,m1,11083.508446623022,33250.50317287435,55417.497899125665,9.022422862001654e-05
cN248,gDNA,m1,44334.00053600001,44334044870.00054,44334.00053600001,2.2556051515991252e-11
cN249,gDNA,m1,44334044870.00054,44334.00053600001,44334.00053600001,2.2556051515991252e-11
cN250,gDNA,m1,44334.00053600001,44334.00053600001,44334.00053600001,2.2556051515991252e-11
cN251,gDNA,m1,44334.00053600001,88668045406.00056,44334044870.00054,2.2556051515991252e-11
cN252,gDNA,m1,44334.00053600001,44334.00053600001,44334.00053600001,2.2556051515991252e-11
cN253,gDNA,m1,44334.00053600001,44334.00053600001,44334.00053600001,2.2556051515991252e-11
cN254,gDNA,m1,44334.00053600001,44334.00053600001,44334.00053600001,2.2556051515991252e-11
cN255,gDNA,m1,44334.00053600001,44334.00053600001,44334.00053600001,2.2556051515991252e-11
cN256,gDNA,m1,44334.00053600001,44334.00053600001,44334.00053600001,2.2556051515991252e-11
cN257,gDNA,m1,44334.00053600001,44334044870.00054,44334044870.00054,2.2556051515991252e-11
cN258,gDNA,m1,44334.00053600001,44334.00053600001,44334.00053600001,2.2556051515991252e-11
cN259,gDNA,m1,44334.00053600001,88668045406.00056,44334.00053600001,2.2556051515991252e-11
cN260,gDNA,m1,44334044870.00054,44334044870.00054,44334.00053600001,2.2556051515991252e-11
cN261,gDNA,m1,66500.98972050541,66500.98972050541,44334.00053600001,4.511212558803403e-05
cN262,gDNA,m1,44334.00053600001,44334.00053600001,44334.00053600001,2.2556051515991252e-11
cN263,gDNA,m1,44594.86814590436,43767.288142069876,44459.93662354004,0.22233499981568183
cN264,gDNA,m1,44334.00053600001,44334.00053600001,44334.00053600001,2.2556051515991252e-11
cN265,gDNA,m1,44334.00053600001,133001.9129400876,310337.7377482628,2.255607407204277e-05
cN266,gDNA,m1,44334.00053600001,44334044870.00054,44334.00053600001,2.2556051515991252e-11
cN267,gDNA,m1,44334044870.00054,44334.00053600001,44334.00053600001,2.2556051515991252e-11
cN268,gDNA,m1,44334.00053600001,44334.00053600001,44334.00053600001,2.2556051515991252e-11
cN269,gDNA,m1,44334044870.00054,44334044870.00054,88668045406.00056,2.2556051515991252e-11
cN270,gDNA,m1,0.044333956202043806,44334.00053600001,133001.9129400876,2.255607407204277e-05
cN271,gDNA,m1,22167.01135149459,0.022166989184505406,0.022166989184505406,4.511212558803403e-05
cN272,gDNA,m1,0.044333956202043806,0.044333956202043806,0.044333956202043806,2.255607407204277e-05
cN273,gDNA,m1,44334.00053600001,44334.00053600001,44334.00053600001,2.2556051515991252e-11
cN274,gDNA,m1,44334.00053600001,44334.00053600001,44334.00053600001,2.2556051515991252e-11
cN275,gDNA,m1,44334.00053600001,44334.00053600001,44334.00053600001,2.2556051515991252e-11
cN276,gDNA,m1,0.022166989184505406,66500.98972050541,0.022166989184505406,4.511212558803403e-05
cN277,gDNA,m1,0.022166989184505406,0.022166989184505406,0.022166989184505406,4.511212558803403e-05
cN278,gDNA,m1,44334044870.00054,44334.00053600001,44334.00053600001,2.2556051515991252e-11
cN279,gDNA,m1,44334044870.00054,44334044870.00054,44334.00053600001,2.2556051515991252e-11
cN280,gDNA,m1,88667.95673804382,44334.00053600001,0.044333956202043806,2.255607407204277e-05
cN281,gDNA,m1,44334.00053600001,44334.00053600001,44334.00053600001,2.2556051515991252e-11
cN282,gDNA,m1,44334044870.00054,44334.00053600001,44334044870.00054,2.2556051515991252e-11
cN283,gDNA,m1,44334044870.00054,44334.00053600001,44334044870.00054,2.2556051515991252e-11
cN284,gDNA,m1,88667.95673804382,88667.95673804382,44334.00053600001,2.255607407204277e-05
cN285,gDNA,m1,44334.00053600001,44334.00053600001,44334.00053600001,2.2556051515991252e-11
cN286,gDNA,m1,44334.00053600001,44334.00053600001,44334.00053600001,2.2556051515991252e-11
cN287,gDNA,m1,44334.00053600001,44334044870.00054,44334.00053600001,2.2556051515991252e-11
cN288,gDNA,m1,0.044333956202043806,0.044333956202043806,0.044333956202043806,2.255607407204277e-05
cN289,gDNA,m1,44334.00053600001,44334.00053600001,44334.00053600001,2.2556051515991252e-11
cN290,gDNA,m1,44334.00053600001,44334.00053600001,44334.00053600001,2.2556051515991252e-11
cN291,gDNA,m1,44334.00053600001,44334.00053600001,44334.00053600001,2.2556051515991252e-11
cN292,gDNA,m1,44334.00053600001,22167.005809748684,44334.00053600001,9.022422862001654e-05
cN293,gDNA,m1,44334.00053600001,44334044870.00054,44334.00053600001,2.2556051515991252e-11
cN294,gDNA,m1,0.01477799525266825,29556.005283331753,0.01477799525266825,6.766817710402528e-05
cN295,gDNA,m1,44334.00053600001,44334.00053600001,44334.00053600001,2.2556051515991252e-11
cN296,gDNA,m1,44334.00053600001,44334.00053600001,44334.00053600001,2.2556051515991252e-11
cN297,gDNA,m1,44334.00053600001,44334.00053600001,44334.00053600001,2.2556051515991252e-11
cN298,gDNA,m1,44334.00053600001,44334044870.00054,44334044870.00054,2.2556051515991252e-11
cN299,gDNA,m1,44334044870.00054,44334.00053600001,44334.00053600001,2.2556051515991252e-11
cN300,gDNA,m1,44334.00053600001,44334.00053600001,44334044870.00054,2.2556051515991252e-11
cN301,gDNA,m1,88668045406.00056,44334.00053600001,44334044870.00054,2.2556051515991252e-11
cN302,gDNA,m1,44334.00053600001,44334.00053600001,44334.00053600001,2.2556051515991252e-11
cN303,gDNA,m1,44334044870.00054,44334.00053600001,44334.00053600001,2.2556051515991252e-11
cN304,gDNA,m1,44334.00053600001,44334.00053600001,44334.00053600001,2.2556051515991252e-11
cN305,gDNA,m1,44334.00053600001,44334.00053600001,44334.00053600001,2.2556051515991252e-11
cN306,gDNA,m1,0.022166989184505406,44334.00053600001,44334.00053600001,4.511212558803403e-05
cN307,gDNA,m1,44334.00053600001,44334.00053600001,44334.00053600001,2.2556051515991252e-11
cN308,gDNA,m1,44334.00053600001,44334.00053600001,44334.00053600001,2.2556051515991252e-11
cN309,gDNA,m1,44334044870.00054,44334044870.00054,44334.00053600001,2.2556051515991252e-11
cN310,gDNA,m1,44334.00053600001,0.044333956202043806,0.044333956202043806,2.255607407204277e-05
cN311,gDNA,m1,44334.00053600001,133001.9129400876,44334.00053600001,2.255607407204277e-05
cN312,gDNA,m1,44334.00053600001,44334.00053600001,44334.00053600001,2.2556051515991252e-11
cN313,gDNA,m1,44334.00053600001,44334.00053600001,44334.00053600001,2.2556051515991252e-11
cN314,gDNA,m1,44334.00053600001,44334044870.00054,44334044870.00054,2.2556051515991252e-11
cN315,gDNA,m1,44334.00053600001,44334.00053600001,44334.00053600001,2.2556051515991252e-11
cN316,gDNA,m1,44334.00053600001,44334.00053600001,44334.00053600001,2.2556051515991252e-11
cN317,gDNA,m1,44334.00053600001,44334.00053600001,44334.00053600001,2.2556051515991252e-11
cN318,gDNA,m1,44334.00053600001,44334.00053600001,44334.00053600001,2.2556051515991252e-11
cN319,gDNA,m1,44334044870.00054,88668045406.00056,44334.00053600001,2.2556051515991252e-11
cN320,gDNA,m1,44334044870.00054,133002045942.00056,44334.00053600001,2.2556051515991252e-11
cN321,gDNA,m1,44334044870.00054,44334.00053600001,44334.00053600001,2.2556051515991252e-11
cN322,gDNA,m1,44334.00053600001,44334.00053600001,44334.00053600001,2.2556051515991252e-11
cN323,gDNA,m1,44334.00053600001,44334.00053600001,44334.00053600001,2.2556051515991252e-11
cN324,gDNA,m1,44334.00053600001,44334.00053600001,44334.00053600001,2.2556051515991252e-11
cN325,gDNA,m1,44334.00053600001,44334.00053600001,44334.00053600001,2.2556051515991252e-11
cN326,gDNA,m1,44334.00053600001,44334.00053600001,44334.00053600001,2.2556051515991252e-11
cN327,gDNA,m1,44334.00053600001,44334044870.00054,44334.00053600001,2.2556051515991252e-11
cN328,gDNA,m1,0.044333956202043806,44334.00053600001,0.044333956202043806,2.255607407204277e-05
cN329,gDNA,m1,0.022166989184505406,66500.98972050541,66500.98972050541,4.511212558803403e-05
cN330,gDNA,m1,44334.00053600001,44334.00053600001,44334.00053600001,2.2556051515991252e-11
cN331,gDNA,m1,44334.00053600001,44334.00053600001,44334.00053600001,2.2556051515991252e-11
cN332,gDNA,m1,44334.00053600001,44334.00053600001,44334.00053600001,2.2556051515991252e-11
cN333,gDNA,m1,44334.00053600001,44334.00053600001,44334.00053600001,2.2556051515991252e-11
cN334,gDNA,m1,44334.00053600001,44334.00053600001,44334.00053600001,2.2556051515991252e-11
cN335,gDNA,m1,44334.00053600001,44334.00053600001,44334.00053600001,2.2556051515991252e-11
cN336,gDNA,m1,0.044333956202043806,0.044333956202043806,44334.00053600001,2.255607407204277e-05
cN337,gDNA,m1,29556.005283331753,14778.010030663501,0.01477799525266825,6.766817710402528e-05
cN338,gDNA,m1,44334.00053600001,44334.00053600001,44334044870.00054,2.2556051515991252e-11
cN339,gDNA,m1,44334.00053600001,44334044870.00054,44334044870.00054,2.2556051515991252e-11
cN340,gDNA,m1,44334044870.00054,44334044870.00054,88668045406.00056,2.2556051515991252e-11
cN341,gDNA,m1,44334.00053600001,44334.00053600001,44334.00053600001,2.2556051515991252e-11
cN342,gDNA,m1,44334.00053600001,44334.00053600001,44334.00053600001,2.2556051515991252e-11
cN343,gDNA,m1,44334.00053600001,44334044870.00054,44334.00053600001,2.2556051515991252e-11
cN344,gDNA,m1,44334.00053600001,44334.00053600001,44334.00053600001,2.2556051515991252e-11
cN345,gDNA,m1,44334044870.00054,133002045942.00056,44334.00053600001,2.2556051515991252e-11
cN346,gDNA,m1,0.044333956202043806,88667.95673804382,0.044333956202043806,2.255607407204277e-05
cN347,gDNA,m1,22167.01135149459,22167.01135149459,22167.01135149459,4.511212558803403e-05
cN348,gDNA,m1,0.044333956202043806,0.044333956202043806,0.044333956202043806,2.255607407204277e-05
cN349,gDNA,m1,266003.781546219,133001.9129400876,88667.95673804382,2.255607407204277e-05
cN350,gDNA,m1,44334.00053600001,44334.00053600001,44334.00053600001,2.2556051515991252e-11
cN351,gDNA,m1,44334.00053600001,44334.00053600001,44334.00053600001,2.2556051515991252e-11
cN352,gDNA,m1,0.022166989184505406,0.022166989184505406,0.022166989184505406,4.511212558803403e-05
cN353,gDNA,m1,0.044333956202043806,133001.9129400876,88667.95673804382,2.255607407204277e-05
cN354,gDNA,m1,44334.00053600001,44334.00053600001,44334.00053600001,2.2556051515991252e-11
cN355,gDNA,m1,133002045942.00056,44334044870.00054,44334044870.00054,2.2556051515991252e-11
cN356,gDNA,m1,44334.00053600001,133001.9129400876,88667.95673804382,2.255607407204277e-05
cN357,gDNA,m1,44334044870.00054,44334.00053600001,44334.00053600001,2.2556051515991252e-11
cN358,gDNA,m1,0.044333956202043806,0.044333956202043806,0.044333956202043806,2.255607407204277e-05
cN359,gDNA,m1,88668045406.00056,44334.00053600001,44334.00053600001,2.2556051515991252e-11
cN360,gDNA,m1,44334.00053600001,44334.00053600001,88668045406.00056,2.2556051515991252e-11
cN361,gDNA,m1,44334044870.00054,44334044870.00054,44334.00053600001,2.2556051515991252e-11
cN362,gDNA,m1,44334.00053600001,44334.00053600001,44334.00053600001,2.2556051515991252e-11
cN363,gDNA,m1,44334.00053600001,44334.00053600001,44334.00053600001,2.2556051515991252e-11
cN364,gDNA,m1,44334.00053600001,44334.00053600001,44334044870.00054,2.2556051515991252e-11
cN365,gDNA,m1,44334.00053600001,44334.00053600001,44334.00053600001,2.2556051515991252e-11
cN366,gDNA,m1,44334.00053600001,44334.00053600001,44334.00053600001,2.2556051515991252e-11
cN367,gDNA,m1,44334.00053600001,133001.9129400876,44334.00053600001,2.255607407204277e-05
cN368,gDNA,m1,44334.00053600001,44334.00053600001,44334.00053600001,2.2556051515991252e-11
cN369,gDNA,m1,44334.00053600001,88667.95673804382,44334.00053600001,2.255607407204277e-05
cN370,gDNA,m1,43559.251389078585,45017.003073417574,44915.06239619107,0.09809626806560202
cN371,gDNA,m1,44334.00053600001,44334.00053600001,44334.00053600001,2.2556051515991252e-11
cN372,gDNA,m1,44334.00053600001,44334.00053600001,44334.00053600001,2.2556051515991252e-11
cN373,gDNA,m1,44334.00053600001,0.022166989184505406,22167.01135149459,4.511212558803403e-05
cN374,gDNA,m1,44334044870.00054,44334.00053600001,44334.00053600001,2.2556051515991252e-11
cN375,gDNA,m1,44334.00053600001,44334.00053600001,44334.00053600001,2.2556051515991252e-11
cN376,gDNA,m1,44334.00053600001,44334.00053600001,44334044870.00054,2.2556051515991252e-11
cN377,gDNA,m1,0.044333956202043806,133001.9129400876,88667.95673804382,2.255607407204277e-05
cN378,gDNA,m1,44334.00053600001,44334.00053600001,44334044870.00054,2.2556051515991252e-11
cN379,gDNA,m1,44334.00053600001,44334.00053600001,44334.00053600001,2.2556051515991252e-11
cN380,gDNA,m1,44334.00053600001,44334.00053600001,44334.00053600001,2.2556051515991252e-11
cN381,gDNA,m1,44334.00053600001,44334.00053600001,44334.00053600001,2.2556051515991252e-11
cN382,gDNA,m1,44334.00053600001,133001.9129400876,133001.9129400876,2.255607407204277e-05
cN383,gDNA,m1,44334.00053600001,44334044870.00054,44334.00053600001,2.2556051515991252e-11
cN384,gDNA,m1,44334.00053600001,44334.00053600001,44334.00053600001,2.255607407204277e-05
cN385,gDNA,m1,44334.00053600001,44334.00053600001,44334.00053600001,2.2556051515991252e-11
cN386,gDNA,m1,44334.00053600001,44334.00053600001,44334.00053600001,2.2556051515991252e-11
cN387,gDNA,m1,44334.00053600001,44334.00053600001,88668045406.00056,2.2556051515991252e-11
cN388,gDNA,m1,44334.00053600001,44334.00053600001,44334.00053600001,2.2556051515991252e-11
cN389,gDNA,m1,44334.00053600001,44334.00053600001,44334.00053600001,2.2556051515991252e-11
cN390,gDNA,m1,88668045406.00056,44334.00053600001,44334.00053600001,2.2556051515991252e-11
cN391,gDNA,m1,44334.00053600001,44334.00053600001,44334.00053600001,2.2556051515991252e-11
cN392,gDNA,m1,44334.00053600001,44334044870.00054,44334.00053600001,2.2556051515991252e-11
cN393,gDNA,m1,14778.010030663501,44334.00053600001,0.01477799525266825,6.766817710402528e-05
cN394,gDNA,m1,44334.00053600001,44334.00053600001,44334.00053600001,2.2556051515991252e-11
cN395,gDNA,m1,44334.00053600001,44334044870.00054,44334044870.00054,2.2556051515991252e-11
cN396,gDNA,m1,44334044870.00054,44334.00053600001,44334.00053600001,2.2556051515991252e-11
cN397,gDNA,m1,44334.00053600001,44334.00053600001,44334.00053600001,2.2556051515991252e-11
cN398,gDNA,m1,0.044333956202043806,0.044333956202043806,0.044333956202043806,2.255607407204277e-05
cN399,gDNA,m1,44334.00053600001,44334.00053600001,44334044870.00054,2.2556051515991252e-11
cN400,gDNA,m1,44334044870.00054,44334.00053600001,44334.00053600001,2.2556051515991252e-11
cN401,gDNA,m1,88668045406.00056,44334.00053600001,44334.00053600001,2.2556051515991252e-11
cN402,gDNA,m1,133002045942.00056,133002045942.00056,221670047014.00058,2.2556051515991252e-11
cN403,gDNA,m1,44334.00053600001,44334.00053600001,44334044870.00054,2.2556051515991252e-11
cN404,gDNA,m1,0.044333956202043806,0.044333956202043806,0.044333956202043806,2.255607407204277e-05
cN405,gDNA,m1,38000.5727927754,31667.145049550792,38000.5727927754,0.00015789238316799028
cN406,gDNA,m1,44334.00053600001,44334044870.00054,44334.00053600001,2.2556051515991252e-11
cN407,gDNA,m1,44334.00053600001,44334.00053600001,44334044870.00054,2.2556051515991252e-11
cN408,gDNA,m1,44334.00053600001,44334.00053600001,44334.00053600001,2.2556051515991252e-11
cN409,gDNA,m1,44334.00053600001,103445.981546673,59111.99578866825,6.766817710402528e-05
cN410,gDNA,m1,44334.00053600001,44334044870.00054,44334044870.00054,2.2556051515991252e-11
cN411,gDNA,m1,44334.00053600001,44334.00053600001,44334.00053600001,2.2556051515991252e-11
cN412,gDNA,m1,44334.00053600001,0.044333956202043806,0.044333956202043806,2.255607407204277e-05
cN413,gDNA,m1,44334.00053600001,44334.00053600001,44334.00053600001,2.2556051515991252e-11
cN414,gDNA,m1,22167.01135149459,22167.01135149459,66500.98972050541,4.511212558803403e-05
cN415,gDNA,m1,44334.00053600001,44334.00053600001,44334.00053600001,2.2556051515991252e-11
cN416,gDNA,m1,44334.00053600001,44334.00053600001,0.044333956202043806,2.255607407204277e-05
cN417,gDNA,m1,0.044333956202043806,0.044333956202043806,44334.00053600001,2.255607407204277e-05
cN418,gDNA,m1,0.044333956202043806,88667.95673804382,0.044333956202043806,2.255607407204277e-05
cN419,gDNA,m1,44334.00053600001,44334044870.00054,44334.00053600001,2.2556051515991252e-11
cN420,gDNA,m1,44334.00053600001,88668045406.00056,44334.00053600001,2.2556051515991252e-11
cN421,gDNA,m1,44334.00053600001,44334.00053600001,44334.00053600001,2.2556051515991252e-11
cN422,gDNA,m1,0.044333956202043806,0.044333956202043806,0.044333956202043806,2.255607407204277e-05
cN423,gDNA,m1,44334.00053600001,44334.00053600001,44334.00053600001,2.2556051515991252e-11
cN424,gDNA,m1,44334.00053600001,88668045406.00056,44334.00053600001,2.2556051515991252e-11
cN425,gDNA,m1,44334.00053600001,44334.00053600001,44334.00053600001,2.2556051515991252e-11
cN426,gDNA,m1,88668045406.00056,44334.00053600001,44334.00053600001,2.2556051515991252e-11
cN427,gDNA,m1,44334.00053600001,44334.00053600001,44334.00053600001,2.2556051515991252e-11
cN428,gDNA,m1,44334.00053600001,44334.00053600001,44334.00053600001,2.2556051515991252e-11
cN429,gDNA,m1,44334044870.00054,44334044870.00054,44334044870.00054,2.2556051515991252e-11
cN430,gDNA,m1,44334.00053600001,133001.9129400876,88667.95673804382,2.255607407204277e-05
cN431,gDNA,m1,44334.00053600001,44334.00053600001,44334.00053600001,2.2556051515991252e-11
cN432,gDNA,m1,44334.00053600001,44334.00053600001,44334.00053600001,2.2556051515991252e-11
cN433,gDNA,m1,44334.00053600001,44334.00053600001,44334.00053600001,2.2556051515991252e-11
cN434,gDNA,m1,0.044333956202043806,0.044333956202043806,0.044333956202043806,2.255607407204277e-05
cN435,gDNA,m1,44334.00053600001,44334.00053600001,44334.00053600001,2.2556051515991252e-11
cN436,gDNA,m1,44334044870.00054,44334.00053600001,44334044870.00054,2.2556051515991252e-11
cN437,gDNA,m1,22167.01135149459,88667.97890501082,88667.97890501082,4.511212558803403e-05
cN438,gDNA,m1,44334.00053600001,44334044870.00054,44334.00053600001,2.2556051515991252e-11
cN439,gDNA,m1,44334.00053600001,44334044870.00054,44334.00053600001,2.2556051515991252e-11
cN440,gDNA,m1,0.044333956202043806,44334.00053600001,44334.00053600001,2.255607407204277e-05
cN441,gDNA,m1,44334.00053600001,44334.00053600001,44334044870.00054,2.2556051515991252e-11
cN442,gDNA,m1,44334.00053600001,44334.00053600001,44334.00053600001,2.2556051515991252e-11
cN443,gDNA,m1,44334.00053600001,44334.00053600001,44334.00053600001,2.2556051515991252e-11
cN444,gDNA,m1,0.044333956202043806,0.044333956202043806,0.044333956202043806,2.255607407204277e-05
cN445,gDNA,m1,44334044870.00054,44334.00053600001,44334044870.00054,2.2556051515991252e-11
cN446,gDNA,m1,44334044870.00054,44334.00053600001,44334.00053600001,2.2556051515991252e-11
cN447,gDNA,m1,44334.00053600001,44334.00053600001,44334044870.00054,2.2556051515991252e-11
cN448,gDNA,m1,44334.00053600001,44334.00053600001,44334044870.00054,2.2556051515991252e-11
cN449,gDNA,m1,133001.9129400876,44334.00053600001,0.044333956202043806,2.255607407204277e-05
cN450,gDNA,m1,44334044870.00054,44334044870.00054,177336046478.00058,2.2556051515991252e-11
cN451,gDNA,m1,44334.00053600001,44334044870.00054,88668045406.00056,2.2556051515991252e-11
cN452,gDNA,m1,44334.00053600001,44334044870.00054,44334.00053600001,2.2556051515991252e-11
cN453,gDNA,m1,44334.00053600001,44334.00053600001,44334.00053600001,2.2556051515991252e-11
cN454,gDNA,m1,85501.28380747979,69667.71331844911,88667.99790528593,0.00031578474377992903
cN455,gDNA,m1,44334.00053600001,44334.00053600001,44334.00053600001,2.2556051515991252e-11
cN456,gDNA,m1,44334.00053600001,44334044870.00054,44334.00053600001,2.2556051515991252e-11
cN457,gDNA,m1,44334044870.00054,44334044870.00054,44334.00053600001,2.2556051515991252e-11
cN458,gDNA,m1,44334.00053600001,44334.00053600001,44334.00053600001,2.2556051515991252e-11
cN459,gDNA,m1,44334.00053600001,44334.00053600001,44334.00053600001,2.2556051515991252e-11
cN460,gDNA,m1,44334.00053600001,44334.00053600001,44334.00053600001,2.255607407204277e-05
cN461,gDNA,m1,44334.00053600001,44334.00053600001,44334044870.00054,2.2556051515991252e-11
cN462,gDNA,m1,44334.00053600001,0.044333956202043806,88667.95673804382,2.255607407204277e-05
cN463,gDNA,m1,44334.00053600001,133001.9129400876,44334.00053600001,2.255607407204277e-05
cN464,gDNA,m1,44334.00053600001,66500.98972050541,44334.00053600001,4.511212558803403e-05
cN465,gDNA,m1,44334.00053600001,44334.00053600001,44334.00053600001,2.2556051515991252e-11
cN466,gDNA,m1,44334.00053600001,44334.00053600001,44334044870.00054,2.2556051515991252e-11
cN467,gDNA,m1,0.044333956202043806,44334.00053600001,0.044333956202043806,2.255607407204277e-05
cN468,gDNA,m1,0.044333956202043806,88667.95673804382,0.044333956202043806,2.255607407204277e-05
cN469,gDNA,m1,44334.00053600001,44334.00053600001,44334.00053600001,2.2556051515991252e-11
cN470,gDNA,m1,44334.00053600001,44334.00053600001,44334.00053600001,2.2556051515991252e-11
cN471,gDNA,m1,44334044870.00054,44334.00053600001,44334.00053600001,2.2556051515991252e-11
cN472,gDNA,m1,0.044333956202043806,0.044333956202043806,0.044333956202043806,2.255607407204277e-05
cN473,gDNA,m1,44334.00053600001,44334.00053600001,44334044870.00054,2.2556051515991252e-11
cN474,gDNA,m1,44334.00053600001,44334.00053600001,44334.00053600001,2.2556051515991252e-11
cN475,gDNA,m1,44334.00053600001,44334044870.00054,44334.00053600001,2.2556051515991252e-11
cN476,gDNA,m1,88667.95673804382,0.044333956202043806,88667.95673804382,2.255607407204277e-05
cN477,gDNA,m1,44334044870.00054,44334.00053600001,44334.00053600001,2.2556051515991252e-11
cN478,gDNA,m1,44334.00053600001,44334.00053600001,44334.00053600001,2.2556051515991252e-11
cN479,gDNA,m1,44334044870.00054,88668045406.00056,44334.00053600001,2.2556051515991252e-11
cN480,gDNA,m1,44334.00053600001,44334.00053600001,44334.00053600001,2.2556051515991252e-11
cN481,gDNA,m1,44334.00053600001,44334.00053600001,0.044333956202043806,2.255607407204277e-05
cN482,gDNA,m1,44334.00053600001,44334.00053600001,44334.00053600001,2.2556051515991252e-11
cN483,gDNA,m1,44334.00053600001,44334.00053600001,44334.00053600001,2.2556051515991252e-11
cN484,gDNA,m1,133001.9129400876,44334.00053600001,44334.00053600001,2.255607407204277e-05
cN485,gDNA,m1,44334.00053600001,44334.00053600001,44334.00053600001,2.2556051515991252e-11
cN486,gDNA,m1,44334.00053600001,44334.00053600001,44334.00053600001,2.2556051515991252e-11
cN487,gDNA,m1,44334.00053600001,44334.00053600001,44334.00053600001,2.2556051515991252e-11
cN488,gDNA,m1,44334.00053600001,44334044870.00054,44334044870.00054,2.2556051515991252e-11
cN489,gDNA,m1,44334.00053600001,44334.00053600001,44334.00053600001,2.2556051515991252e-11
cN490,gDNA,m1,44334.00053600001,44334.00053600001,44334.00053600001,2.2556051515991252e-11
cN491,gDNA,m1,44334.00053600001,44334044870.00054,44334.00053600001,2.2556051515991252e-11
cN492,gDNA,m1,44334.00053600001,44334044870.00054,44334.00053600001,2.2556051515991252e-11
cN493,gDNA,m1,34482.001511555456,19704.002974888623,44334.00053600001,0.0002030044861999728
cN494,gDNA,m1,88667.95673804382,44334.00053600001,88667.95673804382,2.255607407204277e-05
cN495,gDNA,m1,44334044870.00054,133002045942.00056,221670047014.00058,2.2556051515991252e-11
cN496,gDNA,m1,44334.00053600001,44334.00053600001,44334044870.00054,2.2556051515991252e-11
cN497,gDNA,m1,88667.97890501082,66500.98972050541,44334.00053600001,4.511212558803403e-05
cN498,gDNA,m1,0.044333956202043806,44334.00053600001,0.044333956202043806,2.255607407204277e-05
cN499,gDNA,m1,0.044333956202043806,0.044333956202043806,44334.00053600001,2.255607407204277e-05
cN500,gDNA,m1,44334.00053600001,44334.00053600001,44334044870.00054,2.2556051515991252e-11
cN501,gDNA,m1,44334.00053600001,0.044333956202043806,88667.95673804382,2.255607407204277e-05
cN502,gDNA,m1,177335.86914213144,88667.95673804382,0.044333956202043806,2.255607407204277e-05
cN503,gDNA,m1,44334.00053600001,44334.00053600001,44334044870.00054,2.2556051515991252e-11
cN504,gDNA,m1,44334.00053600001,44334.00053600001,44334.00053600001,2.2556051515991252e-11
cN505,gDNA,m1,88667.95673804382,133001.9129400876,177335.86914213144,2.255607407204277e-05
cN506,gDNA,m1,44334044870.00054,44334044870.00054,44334044870.00054,2.2556051515991252e-11
cN507,gDNA,m1,88668045406.00056,44334044870.00054,44334.00053600001,2.2556051515991252e-11
cN508,gDNA,m1,88667.99553025064,66500.99803312532,83126.2461559693,0.00018044843468398154
cN509,gDNA,m1,44334.00053600001,0.022166989184505406,88667.97890501082,4.511212558803403e-05
cN510,gDNA,m1,44334.00053600001,44334.00053600001,44334.00053600001,2.2556051515991252e-11
cN511,gDNA,m1,0.022166989184505406,22167.01135149459,22167.01135149459,4.511212558803403e-05
cN512,gDNA,m1,44334044870.00054,88668045406.00056,88668045406.00056,2.2556051515991252e-11
cN513,gDNA,m1,44334.00053600001,44334.00053600001,44334.00053600001,2.2556051515991252e-11
cN514,gDNA,m1,44334.00053600001,44334.00053600001,44334044870.00054,2.2556051515991252e-11
cN515,gDNA,m1,44334.00053600001,44334044870.00054,44334.00053600001,2.2556051515991252e-11
cN516,gDNA,m1,44334.00053600001,44334.00053600001,44334044870.00054,2.2556051515991252e-11
cN517,gDNA,m1,0.044333956202043806,88667.95673804382,88667.95673804382,2.255607407204277e-05
cN518,gDNA,m1,44334.00053600001,44334.00053600001,44334.00053600001,2.2556051515991252e-11
cN519,gDNA,m1,44334.00053600001,44334.00053600001,44334.00053600001,2.2556051515991252e-11
cN520,gDNA,m1,44334.00053600001,44334.00053600001,44334.00053600001,2.2556051515991252e-11
cN521,gDNA,m1,44334.00053600001,44334.00053600001,44334.00053600001,2.2556051515991252e-11
cN522,gDNA,m1,44334.00053600001,44334.00053600001,44334.00053600001,2.2556051515991252e-11
cN523,gDNA,m1,44334.00053600001,44334.00053600001,44334.00053600001,2.2556051515991252e-11
cN524,gDNA,m1,44334.00053600001,44334.00053600001,44334.00053600001,2.2556051515991252e-11
cN525,gDNA,m1,44334.00053600001,44334.00053600001,44334.00053600001,2.2556051515991252e-11
cN526,gDNA,m1,44334.00053600001,44334.00053600001,44334.00053600001,2.2556051515991252e-11
cN527,gDNA,m1,44334.00053600001,44334.00053600001,44334.00053600001,2.2556051515991252e-11
cN528,gDNA,m1,44334.00053600001,44334.00053600001,44334.00053600001,2.2556051515991252e-11
cN529,gDNA,m1,88668045406.00056,44334044870.00054,44334.00053600001,2.2556051515991252e-11
cN530,gDNA,m1,44334.00053600001,44334.00053600001,44334.00053600001,2.2556051515991252e-11
gN001,gDNA,m1,88667.95673804382,221669.82534417525,88667.95673804382,2.255607407204277e-05
gN002,gDNA,m1,44334.00053600001,88667.97890501082,22167.01135149459,4.511212558803403e-05
gN003,gDNA,m1,0.044333956202043806,0.044333956202043806,44334.00053600001,2.255607407204277e-05
